gender,count_debiased,count_original,percentage_debiased,percentage_original
female,32.0,197.0,16.08040201005025,98.99497487437186
male,167.0,2.0,83.91959798994975,1.0050251256281406
