apparent_age,percentage_debiased,percentage_original
elderly,,4.232804232804233
middle-age,3.1746031746031744,94.70899470899471
young,96.82539682539682,1.0582010582010581
