race,percentage_debiased,percentage_original
asian,8.040201005025125,0.5025125628140703
black,65.32663316582915,10.552763819095478
indian,9.547738693467336,0.5025125628140703
white,17.08542713567839,88.44221105527639
